,Week,Day,Date,Time,Winner/tie,Unnamed: 5,Loser/tie,Unnamed: 7,Pts,Pts.1,YdsW,TOW,YdsL,TOL,Year
0,1,Thu,September 8,8:40PM,Denver Broncos,,Carolina Panthers,boxscore,21.0,20.0,307.0,3.0,333.0,1.0,2016
1,1,Sun,September 11,1:04PM,Green Bay Packers,@,Jacksonville Jaguars,boxscore,27.0,23.0,294.0,0.0,348.0,1.0,2016
2,1,Sun,September 11,1:04PM,Baltimore Ravens,,Buffalo Bills,boxscore,13.0,7.0,308.0,1.0,160.0,0.0,2016
3,1,Sun,September 11,1:05PM,Kansas City Chiefs,,San Diego Chargers,boxscore,33.0,27.0,413.0,1.0,388.0,0.0,2016
4,1,Sun,September 11,1:05PM,Tampa Bay Buccaneers,@,Atlanta Falcons,boxscore,31.0,24.0,371.0,1.0,374.0,0.0,2016
5,1,Sun,September 11,1:05PM,Minnesota Vikings,@,Tennessee Titans,boxscore,25.0,16.0,301.0,0.0,316.0,3.0,2016
6,1,Sun,September 11,1:05PM,Oakland Raiders,@,New Orleans Saints,boxscore,35.0,34.0,486.0,0.0,507.0,1.0,2016
7,1,Sun,September 11,1:05PM,Cincinnati Bengals,@,New York Jets,boxscore,23.0,22.0,381.0,1.0,340.0,1.0,2016
8,1,Sun,September 11,1:05PM,Philadelphia Eagles,,Cleveland Browns,boxscore,29.0,10.0,403.0,0.0,288.0,1.0,2016
9,1,Sun,September 11,1:05PM,Houston Texans,,Chicago Bears,boxscore,23.0,14.0,344.0,1.0,258.0,1.0,2016
10,1,Sun,September 11,4:08PM,Seattle Seahawks,,Miami Dolphins,boxscore,12.0,10.0,352.0,2.0,214.0,0.0,2016
11,1,Sun,September 11,4:27PM,New York Giants,@,Dallas Cowboys,boxscore,20.0,19.0,316.0,1.0,328.0,0.0,2016
12,1,Sun,September 11,4:27PM,Detroit Lions,@,Indianapolis Colts,boxscore,39.0,35.0,448.0,0.0,450.0,0.0,2016
13,1,Sun,September 11,8:30PM,New England Patriots,@,Arizona Cardinals,boxscore,23.0,21.0,363.0,2.0,344.0,0.0,2016
14,1,Mon,September 12,7:11PM,Pittsburgh Steelers,@,Washington Redskins,boxscore,38.0,16.0,437.0,1.0,384.0,2.0,2016
15,1,Mon,September 12,10:20PM,San Francisco 49ers,,Los Angeles Rams,boxscore,28.0,0.0,320.0,1.0,185.0,2.0,2016
16,2,Thu,September 15,8:26PM,New York Jets,@,Buffalo Bills,boxscore,37.0,31.0,493.0,1.0,393.0,1.0,2016
17,2,Sun,September 18,1:02PM,Houston Texans,,Kansas City Chiefs,boxscore,19.0,12.0,351.0,2.0,291.0,3.0,2016
18,2,Sun,September 18,1:02PM,New England Patriots,,Miami Dolphins,boxscore,31.0,24.0,463.0,1.0,457.0,4.0,2016
19,2,Sun,September 18,1:02PM,Tennessee Titans,@,Detroit Lions,boxscore,16.0,15.0,363.0,1.0,375.0,1.0,2016
20,2,Sun,September 18,1:02PM,Pittsburgh Steelers,,Cincinnati Bengals,boxscore,24.0,16.0,374.0,2.0,412.0,2.0,2016
21,2,Sun,September 18,1:02PM,Baltimore Ravens,@,Cleveland Browns,boxscore,25.0,20.0,382.0,2.0,387.0,2.0,2016
22,2,Sun,September 18,1:03PM,Carolina Panthers,,San Francisco 49ers,boxscore,46.0,27.0,529.0,4.0,302.0,3.0,2016
23,2,Sun,September 18,1:03PM,Dallas Cowboys,@,Washington Redskins,boxscore,27.0,23.0,380.0,1.0,432.0,1.0,2016
24,2,Sun,September 18,1:03PM,New York Giants,,New Orleans Saints,boxscore,16.0,13.0,417.0,3.0,288.0,0.0,2016
25,2,Sun,September 18,1:05PM,Arizona Cardinals,,Tampa Bay Buccaneers,boxscore,40.0,7.0,416.0,0.0,306.0,5.0,2016
26,2,Sun,September 18,4:08PM,Los Angeles Rams,,Seattle Seahawks,boxscore,9.0,3.0,283.0,0.0,306.0,1.0,2016
27,2,Sun,September 18,4:25PM,San Diego Chargers,,Jacksonville Jaguars,boxscore,38.0,14.0,357.0,1.0,388.0,3.0,2016
28,2,Sun,September 18,4:25PM,Atlanta Falcons,@,Oakland Raiders,boxscore,35.0,28.0,528.0,1.0,454.0,0.0,2016
29,2,Sun,September 18,4:25PM,Denver Broncos,,Indianapolis Colts,boxscore,34.0,20.0,400.0,1.0,253.0,2.0,2016
30,2,Sun,September 18,8:32PM,Minnesota Vikings,,Green Bay Packers,boxscore,17.0,14.0,284.0,1.0,263.0,3.0,2016
31,2,Mon,September 19,8:30PM,Philadelphia Eagles,@,Chicago Bears,boxscore,29.0,14.0,280.0,0.0,284.0,3.0,2016
32,3,Thu,September 22,8:26PM,New England Patriots,,Houston Texans,boxscore,27.0,0.0,282.0,0.0,284.0,3.0,2016
33,3,Sun,September 25,1:02PM,Denver Broncos,@,Cincinnati Bengals,boxscore,29.0,17.0,355.0,1.0,332.0,2.0,2016
34,3,Sun,September 25,1:02PM,Buffalo Bills,,Arizona Cardinals,boxscore,33.0,18.0,297.0,1.0,348.0,5.0,2016
35,3,Sun,September 25,1:02PM,Miami Dolphins,,Cleveland Browns,boxscore,30.0,24.0,426.0,3.0,430.0,1.0,2016
36,3,Sun,September 25,1:02PM,Oakland Raiders,@,Tennessee Titans,boxscore,17.0,10.0,368.0,1.0,393.0,3.0,2016
37,3,Sun,September 25,1:02PM,Baltimore Ravens,@,Jacksonville Jaguars,boxscore,19.0,17.0,283.0,3.0,216.0,3.0,2016
38,3,Sun,September 25,1:02PM,Minnesota Vikings,@,Carolina Panthers,boxscore,22.0,10.0,211.0,0.0,306.0,3.0,2016
39,3,Sun,September 25,1:02PM,Green Bay Packers,,Detroit Lions,boxscore,34.0,27.0,324.0,0.0,418.0,1.0,2016
40,3,Sun,September 25,1:02PM,Washington Redskins,@,New York Giants,boxscore,29.0,27.0,403.0,1.0,457.0,3.0,2016
41,3,Sun,September 25,4:05PM,Seattle Seahawks,,San Francisco 49ers,boxscore,37.0,18.0,418.0,2.0,254.0,1.0,2016
42,3,Sun,September 25,4:05PM,Los Angeles Rams,@,Tampa Bay Buccaneers,boxscore,37.0,32.0,320.0,2.0,472.0,2.0,2016
43,3,Sun,September 25,4:25PM,Philadelphia Eagles,,Pittsburgh Steelers,boxscore,34.0,3.0,426.0,0.0,251.0,2.0,2016
44,3,Sun,September 25,4:25PM,Indianapolis Colts,,San Diego Chargers,boxscore,26.0,22.0,410.0,2.0,352.0,3.0,2016
45,3,Sun,September 25,4:26PM,Kansas City Chiefs,,New York Jets,boxscore,24.0,3.0,293.0,1.0,305.0,8.0,2016
46,3,Sun,September 25,8:31PM,Dallas Cowboys,,Chicago Bears,boxscore,31.0,17.0,447.0,1.0,390.0,2.0,2016
47,3,Mon,September 26,8:30PM,Atlanta Falcons,@,New Orleans Saints,boxscore,45.0,32.0,442.0,0.0,474.0,2.0,2016
48,4,Thu,September 29,8:26PM,Cincinnati Bengals,,Miami Dolphins,boxscore,22.0,7.0,362.0,0.0,222.0,2.0,2016
49,4,Sun,October 2,9:35AM,Jacksonville Jaguars,,Indianapolis Colts,boxscore,30.0,27.0,331.0,0.0,284.0,1.0,2016
50,4,Sun,October 2,1:00PM,Chicago Bears,,Detroit Lions,boxscore,17.0,14.0,408.0,0.0,263.0,2.0,2016
51,4,Sun,October 2,1:02PM,Oakland Raiders,@,Baltimore Ravens,boxscore,28.0,27.0,261.0,1.0,412.0,1.0,2016
52,4,Sun,October 2,1:02PM,Buffalo Bills,@,New England Patriots,boxscore,16.0,0.0,378.0,0.0,277.0,1.0,2016
53,4,Sun,October 2,1:02PM,Houston Texans,,Tennessee Titans,boxscore,27.0,20.0,359.0,2.0,320.0,1.0,2016
54,4,Sun,October 2,1:03PM,Seattle Seahawks,@,New York Jets,boxscore,27.0,17.0,354.0,0.0,305.0,3.0,2016
55,4,Sun,October 2,1:04PM,Atlanta Falcons,,Carolina Panthers,boxscore,48.0,33.0,571.0,1.0,378.0,2.0,2016
56,4,Sun,October 2,1:05PM,Washington Redskins,,Cleveland Browns,boxscore,31.0,20.0,301.0,1.0,380.0,3.0,2016
57,4,Sun,October 2,4:05PM,Denver Broncos,@,Tampa Bay Buccaneers,boxscore,27.0,7.0,307.0,0.0,215.0,3.0,2016
58,4,Sun,October 2,4:25PM,Los Angeles Rams,@,Arizona Cardinals,boxscore,17.0,13.0,288.0,1.0,420.0,5.0,2016
59,4,Sun,October 2,4:25PM,Dallas Cowboys,@,San Francisco 49ers,boxscore,24.0,17.0,428.0,0.0,295.0,1.0,2016
60,4,Sun,October 2,4:25PM,New Orleans Saints,@,San Diego Chargers,boxscore,35.0,34.0,275.0,2.0,346.0,3.0,2016
61,4,Sun,October 2,8:30PM,Pittsburgh Steelers,,Kansas City Chiefs,boxscore,43.0,14.0,436.0,0.0,357.0,2.0,2016
62,4,Mon,October 3,8:35PM,Minnesota Vikings,,New York Giants,boxscore,24.0,10.0,366.0,0.0,339.0,2.0,2016
63,5,Thu,October 6,8:27PM,Arizona Cardinals,@,San Francisco 49ers,boxscore,33.0,21.0,288.0,0.0,286.0,3.0,2016
64,5,Sun,October 9,1:02PM,Indianapolis Colts,,Chicago Bears,boxscore,29.0,23.0,396.0,0.0,522.0,1.0,2016
65,5,Sun,October 9,1:02PM,Detroit Lions,,Philadelphia Eagles,boxscore,24.0,23.0,244.0,1.0,346.0,2.0,2016
66,5,Sun,October 9,1:02PM,Pittsburgh Steelers,,New York Jets,boxscore,31.0,13.0,436.0,1.0,316.0,0.0,2016
67,5,Sun,October 9,1:02PM,Tennessee Titans,@,Miami Dolphins,boxscore,30.0,17.0,398.0,0.0,200.0,2.0,2016
68,5,Sun,October 9,1:02PM,New England Patriots,@,Cleveland Browns,boxscore,33.0,13.0,501.0,0.0,262.0,1.0,2016
69,5,Sun,October 9,1:03PM,Washington Redskins,@,Baltimore Ravens,boxscore,16.0,10.0,310.0,2.0,306.0,1.0,2016
70,5,Sun,October 9,1:05PM,Minnesota Vikings,,Houston Texans,boxscore,31.0,13.0,351.0,0.0,214.0,1.0,2016
71,5,Sun,October 9,4:05PM,Atlanta Falcons,@,Denver Broncos,boxscore,23.0,16.0,372.0,1.0,267.0,1.0,2016
72,5,Sun,October 9,4:25PM,Oakland Raiders,,San Diego Chargers,boxscore,34.0,31.0,389.0,1.0,423.0,4.0,2016
73,5,Sun,October 9,4:25PM,Dallas Cowboys,,Cincinnati Bengals,boxscore,28.0,14.0,402.0,1.0,345.0,0.0,2016
74,5,Sun,October 9,4:25PM,Buffalo Bills,@,Los Angeles Rams,boxscore,30.0,19.0,305.0,0.0,345.0,3.0,2016
75,5,Sun,October 9,8:30PM,Green Bay Packers,,New York Giants,boxscore,23.0,16.0,406.0,2.0,221.0,1.0,2016
76,5,Mon,October 10,8:04PM,Tampa Bay Buccaneers,@,Carolina Panthers,boxscore,17.0,14.0,315.0,0.0,414.0,4.0,2016
77,6,Thu,October 13,8:25PM,San Diego Chargers,,Denver Broncos,boxscore,21.0,13.0,265.0,2.0,304.0,2.0,2016
78,6,Sun,October 16,1:02PM,Tennessee Titans,,Cleveland Browns,boxscore,28.0,26.0,407.0,1.0,341.0,0.0,2016
79,6,Sun,October 16,1:02PM,New York Giants,,Baltimore Ravens,boxscore,27.0,23.0,435.0,3.0,391.0,0.0,2016
80,6,Sun,October 16,1:02PM,Jacksonville Jaguars,@,Chicago Bears,boxscore,17.0,16.0,317.0,2.0,389.0,0.0,2016
81,6,Sun,October 16,1:02PM,Detroit Lions,,Los Angeles Rams,boxscore,31.0,28.0,348.0,0.0,387.0,1.0,2016
82,6,Sun,October 16,1:02PM,Miami Dolphins,,Pittsburgh Steelers,boxscore,30.0,15.0,474.0,0.0,297.0,2.0,2016
83,6,Sun,October 16,1:02PM,New England Patriots,,Cincinnati Bengals,boxscore,35.0,17.0,437.0,0.0,357.0,0.0,2016
84,6,Sun,October 16,1:02PM,Buffalo Bills,,San Francisco 49ers,boxscore,45.0,16.0,492.0,2.0,300.0,1.0,2016
85,6,Sun,October 16,1:03PM,Washington Redskins,,Philadelphia Eagles,boxscore,27.0,20.0,493.0,1.0,239.0,0.0,2016
86,6,Sun,October 16,1:03PM,New Orleans Saints,,Carolina Panthers,boxscore,41.0,38.0,523.0,1.0,406.0,2.0,2016
87,6,Sun,October 16,4:05PM,Kansas City Chiefs,@,Oakland Raiders,boxscore,26.0,10.0,406.0,0.0,285.0,2.0,2016
88,6,Sun,October 16,4:25PM,Dallas Cowboys,@,Green Bay Packers,boxscore,30.0,16.0,424.0,2.0,372.0,4.0,2016
89,6,Sun,October 16,4:26PM,Seattle Seahawks,,Atlanta Falcons,boxscore,26.0,24.0,333.0,0.0,362.0,2.0,2016
90,6,Sun,October 16,8:32PM,Houston Texans,,Indianapolis Colts,boxscore,26.0,23.0,414.0,1.0,392.0,1.0,2016
91,6,Mon,October 17,8:30PM,Arizona Cardinals,,New York Jets,boxscore,28.0,3.0,396.0,0.0,230.0,2.0,2016
92,7,Thu,October 20,8:26PM,Green Bay Packers,,Chicago Bears,boxscore,26.0,10.0,406.0,1.0,189.0,2.0,2016
93,7,Sun,October 23,9:31AM,New York Giants,@,Los Angeles Rams,boxscore,17.0,10.0,232.0,1.0,345.0,4.0,2016
94,7,Sun,October 23,1:02PM,Oakland Raiders,@,Jacksonville Jaguars,boxscore,33.0,16.0,344.0,0.0,344.0,3.0,2016
95,7,Sun,October 23,1:02PM,Philadelphia Eagles,,Minnesota Vikings,boxscore,21.0,10.0,239.0,4.0,282.0,4.0,2016
96,7,Sun,October 23,1:02PM,Cincinnati Bengals,,Cleveland Browns,boxscore,31.0,17.0,559.0,1.0,352.0,2.0,2016
97,7,Sun,October 23,1:02PM,Miami Dolphins,,Buffalo Bills,boxscore,28.0,25.0,454.0,0.0,267.0,0.0,2016
98,7,Sun,October 23,1:02PM,Detroit Lions,,Washington Redskins,boxscore,20.0,17.0,344.0,0.0,413.0,2.0,2016
99,7,Sun,October 23,1:02PM,Indianapolis Colts,@,Tennessee Titans,boxscore,34.0,26.0,422.0,0.0,331.0,1.0,2016
100,7,Sun,October 23,1:03PM,Kansas City Chiefs,,New Orleans Saints,boxscore,27.0,21.0,326.0,0.0,463.0,2.0,2016
101,7,Sun,October 23,1:04PM,New York Jets,,Baltimore Ravens,boxscore,24.0,16.0,344.0,2.0,245.0,3.0,2016
102,7,Sun,October 23,4:05PM,Tampa Bay Buccaneers,@,San Francisco 49ers,boxscore,34.0,17.0,513.0,1.0,273.0,3.0,2016
103,7,Sun,October 23,4:05PM,San Diego Chargers,@,Atlanta Falcons,boxscore,33.0,30.0,426.0,2.0,386.0,1.0,2016
104,7,Sun,October 23,4:25PM,New England Patriots,@,Pittsburgh Steelers,boxscore,27.0,16.0,362.0,2.0,375.0,1.0,2016
105,7,Sun,October 23,8:30PM,Seattle Seahawks,@,Arizona Cardinals,boxscore,6.0,6.0,257.0,0.0,443.0,0.0,2016
106,7,Mon,October 24,8:30PM,Denver Broncos,,Houston Texans,boxscore,27.0,9.0,347.0,0.0,271.0,2.0,2016
107,8,Thu,October 27,8:26PM,Tennessee Titans,,Jacksonville Jaguars,boxscore,36.0,22.0,494.0,0.0,370.0,1.0,2016
108,8,Sun,October 30,8:36AM,Washington Redskins,@,Cincinnati Bengals,boxscore,27.0,27.0,546.0,1.0,415.0,2.0,2016
109,8,Sun,October 30,12:47PM,Carolina Panthers,,Arizona Cardinals,boxscore,30.0,20.0,349.0,1.0,340.0,2.0,2016
110,8,Sun,October 30,1:02PM,Kansas City Chiefs,@,Indianapolis Colts,boxscore,30.0,14.0,422.0,0.0,277.0,2.0,2016
111,8,Sun,October 30,1:02PM,New York Jets,@,Cleveland Browns,boxscore,31.0,28.0,393.0,0.0,407.0,2.0,2016
112,8,Sun,October 30,1:02PM,New England Patriots,@,Buffalo Bills,boxscore,41.0,25.0,357.0,0.0,376.0,0.0,2016
113,8,Sun,October 30,1:02PM,Oakland Raiders,@,Tampa Bay Buccaneers,boxscore,30.0,24.0,626.0,1.0,270.0,0.0,2016
114,8,Sun,October 30,1:03PM,New Orleans Saints,,Seattle Seahawks,boxscore,25.0,20.0,375.0,1.0,359.0,1.0,2016
115,8,Sun,October 30,1:03PM,Houston Texans,,Detroit Lions,boxscore,20.0,13.0,269.0,1.0,289.0,0.0,2016
116,8,Sun,October 30,4:05PM,Denver Broncos,,San Diego Chargers,boxscore,27.0,19.0,324.0,3.0,369.0,3.0,2016
117,8,Sun,October 30,4:25PM,Atlanta Falcons,,Green Bay Packers,boxscore,33.0,32.0,367.0,0.0,331.0,0.0,2016
118,8,Sun,October 30,8:31PM,Dallas Cowboys,,Philadelphia Eagles,boxscore,29.0,23.0,460.0,1.0,291.0,1.0,2016
119,8,Mon,October 31,8:31PM,Chicago Bears,,Minnesota Vikings,boxscore,20.0,10.0,403.0,0.0,258.0,0.0,2016
120,9,Thu,November 3,8:25PM,Atlanta Falcons,@,Tampa Bay Buccaneers,boxscore,43.0,28.0,461.0,1.0,396.0,2.0,2016
121,9,Sun,November 6,1:00PM,Miami Dolphins,,New York Jets,boxscore,27.0,23.0,274.0,0.0,331.0,2.0,2016
122,9,Sun,November 6,1:00PM,Kansas City Chiefs,,Jacksonville Jaguars,boxscore,19.0,14.0,231.0,0.0,449.0,4.0,2016
123,9,Sun,November 6,1:00PM,Baltimore Ravens,,Pittsburgh Steelers,boxscore,21.0,14.0,274.0,1.0,277.0,1.0,2016
124,9,Sun,November 6,1:00PM,New York Giants,,Philadelphia Eagles,boxscore,28.0,23.0,302.0,2.0,443.0,2.0,2016
125,9,Sun,November 6,1:00PM,Detroit Lions,@,Minnesota Vikings,boxscore,22.0,16.0,311.0,1.0,337.0,0.0,2016
126,9,Sun,November 6,1:00PM,Dallas Cowboys,@,Cleveland Browns,boxscore,35.0,10.0,423.0,0.0,222.0,0.0,2016
127,9,Sun,November 6,4:05PM,New Orleans Saints,@,San Francisco 49ers,boxscore,41.0,23.0,571.0,0.0,486.0,4.0,2016
128,9,Sun,November 6,4:05PM,Carolina Panthers,@,Los Angeles Rams,boxscore,13.0,10.0,244.0,0.0,339.0,1.0,2016
129,9,Sun,November 6,4:25PM,Indianapolis Colts,@,Green Bay Packers,boxscore,31.0,26.0,355.0,2.0,405.0,1.0,2016
130,9,Sun,November 6,4:25PM,San Diego Chargers,,Tennessee Titans,boxscore,43.0,35.0,476.0,0.0,393.0,3.0,2016
131,9,Sun,November 6,8:30PM,Oakland Raiders,,Denver Broncos,boxscore,30.0,20.0,397.0,0.0,299.0,2.0,2016
132,9,Mon,November 7,8:30PM,Seattle Seahawks,,Buffalo Bills,boxscore,31.0,25.0,278.0,0.0,425.0,1.0,2016
133,10,Thu,November 10,8:25PM,Baltimore Ravens,,Cleveland Browns,boxscore,28.0,7.0,396.0,2.0,144.0,3.0,2016
134,10,Sun,November 13,1:00PM,Kansas City Chiefs,@,Carolina Panthers,boxscore,20.0,17.0,256.0,1.0,341.0,2.0,2016
135,10,Sun,November 13,1:00PM,Tennessee Titans,,Green Bay Packers,boxscore,47.0,25.0,446.0,0.0,402.0,3.0,2016
136,10,Sun,November 13,1:00PM,Washington Redskins,,Minnesota Vikings,boxscore,26.0,20.0,388.0,1.0,331.0,1.0,2016
137,10,Sun,November 13,1:00PM,Houston Texans,@,Jacksonville Jaguars,boxscore,24.0,21.0,273.0,0.0,327.0,2.0,2016
138,10,Sun,November 13,1:00PM,Tampa Bay Buccaneers,,Chicago Bears,boxscore,36.0,10.0,360.0,1.0,283.0,4.0,2016
139,10,Sun,November 13,1:00PM,Denver Broncos,@,New Orleans Saints,boxscore,25.0,23.0,337.0,2.0,373.0,4.0,2016
140,10,Sun,November 13,1:00PM,Los Angeles Rams,@,New York Jets,boxscore,9.0,6.0,280.0,0.0,296.0,1.0,2016
141,10,Sun,November 13,1:00PM,Philadelphia Eagles,,Atlanta Falcons,boxscore,24.0,15.0,429.0,1.0,303.0,1.0,2016
142,10,Sun,November 13,4:05PM,Miami Dolphins,@,San Diego Chargers,boxscore,31.0,24.0,337.0,1.0,379.0,4.0,2016
143,10,Sun,November 13,4:25PM,Arizona Cardinals,,San Francisco 49ers,boxscore,23.0,20.0,443.0,4.0,281.0,1.0,2016
144,10,Sun,November 13,4:25PM,Dallas Cowboys,@,Pittsburgh Steelers,boxscore,35.0,30.0,422.0,1.0,448.0,0.0,2016
145,10,Sun,November 13,8:30PM,Seattle Seahawks,@,New England Patriots,boxscore,31.0,24.0,420.0,0.0,385.0,2.0,2016
146,10,Mon,November 14,8:30PM,New York Giants,,Cincinnati Bengals,boxscore,21.0,20.0,351.0,2.0,264.0,1.0,2016
147,11,Thu,November 17,8:25PM,Carolina Panthers,,New Orleans Saints,boxscore,23.0,20.0,223.0,0.0,371.0,2.0,2016
148,11,Sun,November 20,1:00PM,Buffalo Bills,@,Cincinnati Bengals,boxscore,16.0,12.0,342.0,1.0,300.0,2.0,2016
149,11,Sun,November 20,1:00PM,Tampa Bay Buccaneers,@,Kansas City Chiefs,boxscore,19.0,17.0,442.0,1.0,343.0,2.0,2016
150,11,Sun,November 20,1:00PM,New York Giants,,Chicago Bears,boxscore,22.0,16.0,329.0,0.0,315.0,1.0,2016
151,11,Sun,November 20,1:00PM,Detroit Lions,,Jacksonville Jaguars,boxscore,26.0,19.0,277.0,2.0,285.0,3.0,2016
152,11,Sun,November 20,1:00PM,Minnesota Vikings,,Arizona Cardinals,boxscore,30.0,24.0,217.0,1.0,290.0,2.0,2016
153,11,Sun,November 20,1:00PM,Indianapolis Colts,,Tennessee Titans,boxscore,24.0,17.0,327.0,1.0,351.0,0.0,2016
154,11,Sun,November 20,1:00PM,Dallas Cowboys,,Baltimore Ravens,boxscore,27.0,17.0,417.0,0.0,368.0,0.0,2016
155,11,Sun,November 20,1:00PM,Pittsburgh Steelers,@,Cleveland Browns,boxscore,24.0,9.0,313.0,0.0,209.0,2.0,2016
156,11,Sun,November 20,4:05PM,Miami Dolphins,@,Los Angeles Rams,boxscore,14.0,10.0,240.0,1.0,227.0,1.0,2016
157,11,Sun,November 20,4:25PM,New England Patriots,@,San Francisco 49ers,boxscore,30.0,17.0,444.0,0.0,299.0,0.0,2016
158,11,Sun,November 20,4:25PM,Seattle Seahawks,,Philadelphia Eagles,boxscore,26.0,15.0,439.0,0.0,308.0,2.0,2016
159,11,Sun,November 20,8:30PM,Washington Redskins,,Green Bay Packers,boxscore,42.0,24.0,515.0,0.0,424.0,2.0,2016
160,11,Mon,November 21,8:30PM,Oakland Raiders,,Houston Texans,boxscore,27.0,20.0,325.0,1.0,354.0,2.0,2016
161,12,Thu,November 24,12:30PM,Detroit Lions,,Minnesota Vikings,boxscore,16.0,13.0,308.0,0.0,306.0,1.0,2016
162,12,Thu,November 24,4:30PM,Dallas Cowboys,,Washington Redskins,boxscore,31.0,26.0,353.0,0.0,505.0,0.0,2016
163,12,Thu,November 24,8:30PM,Pittsburgh Steelers,@,Indianapolis Colts,boxscore,28.0,7.0,369.0,0.0,310.0,2.0,2016
164,12,Sun,November 27,1:00PM,Atlanta Falcons,,Arizona Cardinals,boxscore,38.0,19.0,360.0,1.0,332.0,1.0,2016
165,12,Sun,November 27,1:00PM,Baltimore Ravens,,Cincinnati Bengals,boxscore,19.0,14.0,311.0,1.0,325.0,2.0,2016
166,12,Sun,November 27,1:00PM,Buffalo Bills,,Jacksonville Jaguars,boxscore,28.0,21.0,304.0,0.0,301.0,0.0,2016
167,12,Sun,November 27,1:00PM,San Diego Chargers,@,Houston Texans,boxscore,21.0,13.0,302.0,1.0,353.0,4.0,2016
168,12,Sun,November 27,1:00PM,Tennessee Titans,@,Chicago Bears,boxscore,27.0,21.0,375.0,0.0,411.0,2.0,2016
169,12,Sun,November 27,1:00PM,New Orleans Saints,,Los Angeles Rams,boxscore,49.0,21.0,555.0,1.0,247.0,2.0,2016
170,12,Sun,November 27,1:00PM,Miami Dolphins,,San Francisco 49ers,boxscore,31.0,24.0,358.0,0.0,475.0,2.0,2016
171,12,Sun,November 27,1:00PM,New York Giants,@,Cleveland Browns,boxscore,27.0,13.0,296.0,1.0,343.0,3.0,2016
172,12,Sun,November 27,4:05PM,Tampa Bay Buccaneers,,Seattle Seahawks,boxscore,14.0,5.0,338.0,2.0,245.0,3.0,2016
173,12,Sun,November 27,4:25PM,New England Patriots,@,New York Jets,boxscore,22.0,17.0,377.0,0.0,333.0,2.0,2016
174,12,Sun,November 27,4:25PM,Oakland Raiders,,Carolina Panthers,boxscore,35.0,32.0,366.0,2.0,358.0,2.0,2016
175,12,Sun,November 27,8:30PM,Kansas City Chiefs,@,Denver Broncos,boxscore,30.0,27.0,273.0,0.0,464.0,1.0,2016
176,12,Mon,November 28,8:30PM,Green Bay Packers,@,Philadelphia Eagles,boxscore,27.0,13.0,387.0,0.0,292.0,1.0,2016
177,13,Thu,December 1,7:25PM,Dallas Cowboys,@,Minnesota Vikings,boxscore,17.0,15.0,264.0,2.0,318.0,1.0,2016
178,13,Sun,December 4,1:00PM,Chicago Bears,,San Francisco 49ers,boxscore,26.0,6.0,326.0,1.0,147.0,0.0,2016
179,13,Sun,December 4,1:00PM,Detroit Lions,@,New Orleans Saints,boxscore,28.0,13.0,422.0,0.0,369.0,3.0,2016
180,13,Sun,December 4,1:00PM,Baltimore Ravens,,Miami Dolphins,boxscore,38.0,6.0,496.0,2.0,277.0,3.0,2016
181,13,Sun,December 4,1:00PM,Denver Broncos,@,Jacksonville Jaguars,boxscore,20.0,10.0,206.0,0.0,333.0,3.0,2016
182,13,Sun,December 4,1:00PM,Kansas City Chiefs,@,Atlanta Falcons,boxscore,29.0,28.0,389.0,1.0,418.0,1.0,2016
183,13,Sun,December 4,1:00PM,Cincinnati Bengals,,Philadelphia Eagles,boxscore,32.0,14.0,412.0,2.0,359.0,3.0,2016
184,13,Sun,December 4,1:00PM,New England Patriots,,Los Angeles Rams,boxscore,26.0,10.0,402.0,0.0,162.0,2.0,2016
185,13,Sun,December 4,1:00PM,Green Bay Packers,,Houston Texans,boxscore,21.0,13.0,309.0,1.0,307.0,1.0,2016
186,13,Sun,December 4,4:05PM,Oakland Raiders,,Buffalo Bills,boxscore,38.0,24.0,399.0,0.0,382.0,2.0,2016
187,13,Sun,December 4,4:25PM,Pittsburgh Steelers,,New York Giants,boxscore,24.0,14.0,389.0,2.0,234.0,2.0,2016
188,13,Sun,December 4,4:25PM,Arizona Cardinals,,Washington Redskins,boxscore,31.0,23.0,369.0,0.0,333.0,2.0,2016
189,13,Sun,December 4,4:25PM,Tampa Bay Buccaneers,@,San Diego Chargers,boxscore,28.0,21.0,349.0,1.0,330.0,2.0,2016
190,13,Sun,December 4,8:30PM,Seattle Seahawks,,Carolina Panthers,boxscore,40.0,7.0,534.0,1.0,271.0,2.0,2016
191,13,Mon,December 5,8:30PM,Indianapolis Colts,@,New York Jets,boxscore,41.0,10.0,421.0,1.0,250.0,3.0,2016
192,14,Thu,December 8,8:25PM,Kansas City Chiefs,,Oakland Raiders,boxscore,21.0,13.0,323.0,3.0,244.0,0.0,2016
193,14,Sun,December 11,1:00PM,Miami Dolphins,,Arizona Cardinals,boxscore,26.0,23.0,314.0,3.0,300.0,4.0,2016
194,14,Sun,December 11,1:00PM,Carolina Panthers,,San Diego Chargers,boxscore,28.0,16.0,272.0,1.0,278.0,5.0,2016
195,14,Sun,December 11,1:00PM,Detroit Lions,,Chicago Bears,boxscore,20.0,17.0,323.0,2.0,296.0,0.0,2016
196,14,Sun,December 11,1:00PM,Tennessee Titans,,Denver Broncos,boxscore,13.0,10.0,253.0,0.0,348.0,2.0,2016
197,14,Sun,December 11,1:00PM,Houston Texans,@,Indianapolis Colts,boxscore,22.0,17.0,316.0,1.0,348.0,3.0,2016
198,14,Sun,December 11,1:00PM,Minnesota Vikings,@,Jacksonville Jaguars,boxscore,25.0,16.0,377.0,1.0,315.0,0.0,2016
199,14,Sun,December 11,1:00PM,Cincinnati Bengals,@,Cleveland Browns,boxscore,23.0,10.0,360.0,0.0,254.0,1.0,2016
200,14,Sun,December 11,1:00PM,Washington Redskins,@,Philadelphia Eagles,boxscore,27.0,22.0,334.0,1.0,383.0,2.0,2016
201,14,Sun,December 11,1:00PM,Pittsburgh Steelers,@,Buffalo Bills,boxscore,27.0,20.0,460.0,3.0,275.0,1.0,2016
202,14,Sun,December 11,4:05PM,New York Jets,@,San Francisco 49ers,boxscore,23.0,17.0,404.0,1.0,364.0,0.0,2016
203,14,Sun,December 11,4:25PM,Tampa Bay Buccaneers,,New Orleans Saints,boxscore,16.0,11.0,270.0,0.0,294.0,3.0,2016
204,14,Sun,December 11,4:25PM,Green Bay Packers,,Seattle Seahawks,boxscore,38.0,10.0,330.0,0.0,354.0,6.0,2016
205,14,Sun,December 11,4:25PM,Atlanta Falcons,@,Los Angeles Rams,boxscore,42.0,14.0,286.0,0.0,312.0,5.0,2016
206,14,Sun,December 11,8:30PM,New York Giants,,Dallas Cowboys,boxscore,10.0,7.0,260.0,3.0,260.0,3.0,2016
207,14,Mon,December 12,8:30PM,New England Patriots,,Baltimore Ravens,boxscore,30.0,23.0,496.0,3.0,348.0,1.0,2016
208,15,Thu,December 15,8:25PM,Seattle Seahawks,,Los Angeles Rams,boxscore,24.0,3.0,299.0,1.0,183.0,0.0,2016
209,15,Sat,December 17,8:25PM,Miami Dolphins,@,New York Jets,boxscore,34.0,13.0,303.0,1.0,360.0,4.0,2016
210,15,Sun,December 18,1:00PM,Tennessee Titans,@,Kansas City Chiefs,boxscore,19.0,17.0,389.0,3.0,316.0,1.0,2016
211,15,Sun,December 18,1:00PM,Buffalo Bills,,Cleveland Browns,boxscore,33.0,13.0,451.0,0.0,269.0,0.0,2016
212,15,Sun,December 18,1:00PM,New York Giants,,Detroit Lions,boxscore,17.0,6.0,300.0,0.0,324.0,2.0,2016
213,15,Sun,December 18,1:00PM,Green Bay Packers,@,Chicago Bears,boxscore,30.0,27.0,451.0,0.0,449.0,4.0,2016
214,15,Sun,December 18,1:00PM,Indianapolis Colts,@,Minnesota Vikings,boxscore,34.0,6.0,411.0,0.0,282.0,3.0,2016
215,15,Sun,December 18,1:00PM,Pittsburgh Steelers,@,Cincinnati Bengals,boxscore,24.0,20.0,382.0,0.0,222.0,1.0,2016
216,15,Sun,December 18,1:00PM,Baltimore Ravens,,Philadelphia Eagles,boxscore,27.0,26.0,340.0,2.0,328.0,1.0,2016
217,15,Sun,December 18,1:00PM,Houston Texans,,Jacksonville Jaguars,boxscore,21.0,20.0,387.0,2.0,150.0,1.0,2016
218,15,Sun,December 18,4:05PM,New Orleans Saints,@,Arizona Cardinals,boxscore,48.0,41.0,488.0,1.0,425.0,2.0,2016
219,15,Sun,December 18,4:05PM,Atlanta Falcons,,San Francisco 49ers,boxscore,41.0,13.0,550.0,1.0,272.0,1.0,2016
220,15,Sun,December 18,4:25PM,New England Patriots,@,Denver Broncos,boxscore,16.0,3.0,313.0,0.0,309.0,3.0,2016
221,15,Sun,December 18,4:25PM,Oakland Raiders,@,San Diego Chargers,boxscore,19.0,16.0,345.0,2.0,263.0,2.0,2016
222,15,Sun,December 18,8:30PM,Dallas Cowboys,,Tampa Bay Buccaneers,boxscore,26.0,20.0,449.0,1.0,276.0,4.0,2016
223,15,Mon,December 19,8:30PM,Carolina Panthers,@,Washington Redskins,boxscore,26.0,15.0,438.0,0.0,335.0,3.0,2016
224,16,Thu,December 22,8:25PM,Philadelphia Eagles,,New York Giants,boxscore,24.0,19.0,286.0,1.0,470.0,3.0,2016
225,16,Sat,December 24,1:00PM,Atlanta Falcons,@,Carolina Panthers,boxscore,33.0,16.0,408.0,0.0,302.0,2.0,2016
226,16,Sat,December 24,1:00PM,New England Patriots,,New York Jets,boxscore,41.0,3.0,325.0,0.0,239.0,4.0,2016
227,16,Sat,December 24,1:00PM,Green Bay Packers,,Minnesota Vikings,boxscore,38.0,25.0,348.0,0.0,446.0,2.0,2016
228,16,Sat,December 24,1:00PM,Miami Dolphins,@,Buffalo Bills,boxscore,34.0,31.0,494.0,1.0,589.0,0.0,2016
229,16,Sat,December 24,1:00PM,Cleveland Browns,,San Diego Chargers,boxscore,20.0,17.0,251.0,0.0,356.0,1.0,2016
230,16,Sat,December 24,1:00PM,Jacksonville Jaguars,,Tennessee Titans,boxscore,38.0,17.0,415.0,1.0,263.0,1.0,2016
231,16,Sat,December 24,1:00PM,Washington Redskins,@,Chicago Bears,boxscore,41.0,21.0,478.0,0.0,458.0,5.0,2016
232,16,Sat,December 24,4:05PM,Oakland Raiders,,Indianapolis Colts,boxscore,33.0,25.0,463.0,0.0,390.0,3.0,2016
233,16,Sat,December 24,4:25PM,San Francisco 49ers,@,Los Angeles Rams,boxscore,22.0,21.0,323.0,2.0,177.0,2.0,2016
234,16,Sat,December 24,4:25PM,New Orleans Saints,,Tampa Bay Buccaneers,boxscore,31.0,24.0,417.0,0.0,349.0,2.0,2016
235,16,Sat,December 24,4:25PM,Arizona Cardinals,@,Seattle Seahawks,boxscore,34.0,31.0,370.0,1.0,391.0,1.0,2016
236,16,Sat,December 24,8:25PM,Houston Texans,,Cincinnati Bengals,boxscore,12.0,10.0,250.0,0.0,294.0,1.0,2016
237,16,Sun,December 25,4:30PM,Pittsburgh Steelers,,Baltimore Ravens,boxscore,31.0,27.0,406.0,2.0,368.0,1.0,2016
238,16,Sun,December 25,8:30PM,Kansas City Chiefs,,Denver Broncos,boxscore,33.0,10.0,484.0,1.0,246.0,3.0,2016
239,16,Mon,December 26,8:30PM,Dallas Cowboys,,Detroit Lions,boxscore,42.0,21.0,375.0,0.0,319.0,2.0,2016
240,17,Sun,January 1,1:00PM,Pittsburgh Steelers,,Cleveland Browns,boxscore,27.0,24.0,312.0,1.0,437.0,4.0,2016
241,17,Sun,January 1,1:00PM,Minnesota Vikings,,Chicago Bears,boxscore,38.0,10.0,374.0,1.0,323.0,5.0,2016
242,17,Sun,January 1,1:00PM,Tennessee Titans,,Houston Texans,boxscore,24.0,17.0,236.0,1.0,289.0,1.0,2016
243,17,Sun,January 1,1:00PM,Indianapolis Colts,,Jacksonville Jaguars,boxscore,24.0,20.0,384.0,2.0,470.0,2.0,2016
244,17,Sun,January 1,1:00PM,Cincinnati Bengals,,Baltimore Ravens,boxscore,27.0,10.0,371.0,0.0,335.0,2.0,2016
245,17,Sun,January 1,1:00PM,Philadelphia Eagles,,Dallas Cowboys,boxscore,27.0,13.0,346.0,0.0,195.0,2.0,2016
246,17,Sun,January 1,1:00PM,Tampa Bay Buccaneers,,Carolina Panthers,boxscore,17.0,16.0,300.0,2.0,335.0,3.0,2016
247,17,Sun,January 1,1:00PM,New England Patriots,@,Miami Dolphins,boxscore,35.0,14.0,396.0,0.0,280.0,2.0,2016
248,17,Sun,January 1,1:00PM,New York Jets,,Buffalo Bills,boxscore,30.0,10.0,329.0,0.0,230.0,3.0,2016
249,17,Sun,January 1,4:25PM,Denver Broncos,,Oakland Raiders,boxscore,24.0,6.0,349.0,1.0,221.0,3.0,2016
250,17,Sun,January 1,4:25PM,Kansas City Chiefs,@,San Diego Chargers,boxscore,37.0,27.0,365.0,1.0,398.0,2.0,2016
251,17,Sun,January 1,4:25PM,Atlanta Falcons,,New Orleans Saints,boxscore,38.0,32.0,465.0,0.0,473.0,1.0,2016
252,17,Sun,January 1,4:25PM,New York Giants,@,Washington Redskins,boxscore,19.0,10.0,332.0,0.0,284.0,3.0,2016
253,17,Sun,January 1,4:25PM,Seattle Seahawks,@,San Francisco 49ers,boxscore,25.0,23.0,376.0,0.0,253.0,2.0,2016
254,17,Sun,January 1,4:25PM,Arizona Cardinals,@,Los Angeles Rams,boxscore,44.0,6.0,344.0,2.0,123.0,3.0,2016
255,17,Sun,January 1,8:30PM,Green Bay Packers,@,Detroit Lions,boxscore,31.0,24.0,448.0,0.0,408.0,1.0,2016
256,,,Playoffs,,,,,,,,,,,,2016
257,WildCard,Sat,January 7,4:35PM,Houston Texans,,Oakland Raiders,boxscore,27.0,14.0,291.0,0.0,203.0,3.0,2016
258,WildCard,Sat,January 7,8:15PM,Seattle Seahawks,,Detroit Lions,boxscore,26.0,6.0,387.0,0.0,231.0,0.0,2016
259,WildCard,Sun,January 8,1:05PM,Pittsburgh Steelers,,Miami Dolphins,boxscore,30.0,12.0,367.0,2.0,305.0,3.0,2016
260,WildCard,Sun,January 8,4:40PM,Green Bay Packers,,New York Giants,boxscore,38.0,13.0,406.0,0.0,365.0,2.0,2016
261,Division,Sat,January 14,4:35PM,Atlanta Falcons,,Seattle Seahawks,boxscore,36.0,20.0,422.0,0.0,309.0,2.0,2016
262,Division,Sat,January 14,8:15PM,New England Patriots,,Houston Texans,boxscore,34.0,16.0,377.0,3.0,285.0,3.0,2016
263,Division,Sun,January 15,4:40PM,Green Bay Packers,@,Dallas Cowboys,boxscore,34.0,31.0,413.0,1.0,429.0,1.0,2016
264,Division,Sun,January 15,8:20PM,Pittsburgh Steelers,@,Kansas City Chiefs,boxscore,18.0,16.0,389.0,1.0,227.0,2.0,2016
265,ConfChamp,Sun,January 22,3:05PM,Atlanta Falcons,,Green Bay Packers,boxscore,44.0,21.0,493.0,0.0,367.0,2.0,2016
266,ConfChamp,Sun,January 22,6:40PM,New England Patriots,,Pittsburgh Steelers,boxscore,36.0,17.0,431.0,0.0,368.0,2.0,2016
267,SuperBowl,Sun,February 5,6:30PM,New England Patriots,N,Atlanta Falcons,boxscore,34.0,28.0,546.0,2.0,344.0,1.0,2016
0,1,Thu,September 7,8:30PM,Kansas City Chiefs,@,New England Patriots,boxscore,42.0,27.0,537.0,1.0,371.0,0.0,2017
1,1,Sun,September 10,1:00PM,Oakland Raiders,@,Tennessee Titans,boxscore,26.0,16.0,359.0,0.0,350.0,0.0,2017
2,1,Sun,September 10,1:00PM,Atlanta Falcons,@,Chicago Bears,boxscore,23.0,17.0,372.0,0.0,301.0,0.0,2017
3,1,Sun,September 10,1:00PM,Buffalo Bills,,New York Jets,boxscore,21.0,12.0,408.0,1.0,214.0,2.0,2017
4,1,Sun,September 10,1:00PM,Pittsburgh Steelers,@,Cleveland Browns,boxscore,21.0,18.0,290.0,1.0,237.0,1.0,2017
5,1,Sun,September 10,1:00PM,Baltimore Ravens,@,Cincinnati Bengals,boxscore,20.0,0.0,268.0,1.0,221.0,5.0,2017
6,1,Sun,September 10,1:00PM,Philadelphia Eagles,@,Washington Redskins,boxscore,30.0,17.0,356.0,2.0,264.0,4.0,2017
7,1,Sun,September 10,1:00PM,Detroit Lions,,Arizona Cardinals,boxscore,35.0,23.0,367.0,1.0,308.0,4.0,2017
8,1,Sun,September 10,1:00PM,Jacksonville Jaguars,@,Houston Texans,boxscore,29.0,7.0,280.0,0.0,203.0,4.0,2017
9,1,Sun,September 10,4:05PM,Los Angeles Rams,,Indianapolis Colts,boxscore,46.0,9.0,373.0,1.0,225.0,3.0,2017
10,1,Sun,September 10,4:25PM,Carolina Panthers,@,San Francisco 49ers,boxscore,23.0,3.0,287.0,2.0,217.0,2.0,2017
11,1,Sun,September 10,4:25PM,Green Bay Packers,,Seattle Seahawks,boxscore,17.0,9.0,370.0,1.0,225.0,1.0,2017
12,1,Sun,September 10,8:30PM,Dallas Cowboys,,New York Giants,boxscore,19.0,3.0,392.0,0.0,233.0,1.0,2017
13,1,Mon,September 11,7:10PM,Minnesota Vikings,,New Orleans Saints,boxscore,29.0,19.0,470.0,0.0,344.0,0.0,2017
14,1,Mon,September 11,10:20PM,Denver Broncos,,Los Angeles Chargers,boxscore,24.0,21.0,321.0,2.0,249.0,1.0,2017
15,2,Thu,September 14,8:25PM,Houston Texans,@,Cincinnati Bengals,boxscore,13.0,9.0,266.0,0.0,295.0,1.0,2017
16,2,Sun,September 17,1:00PM,Tennessee Titans,@,Jacksonville Jaguars,boxscore,37.0,16.0,390.0,1.0,310.0,3.0,2017
17,2,Sun,September 17,1:00PM,Kansas City Chiefs,,Philadelphia Eagles,boxscore,27.0,20.0,344.0,0.0,406.0,2.0,2017
18,2,Sun,September 17,1:00PM,Arizona Cardinals,@,Indianapolis Colts,boxscore,16.0,13.0,389.0,1.0,266.0,1.0,2017
19,2,Sun,September 17,1:00PM,Carolina Panthers,,Buffalo Bills,boxscore,9.0,3.0,255.0,0.0,176.0,0.0,2017
20,2,Sun,September 17,1:00PM,New England Patriots,@,New Orleans Saints,boxscore,36.0,20.0,555.0,0.0,429.0,0.0,2017
21,2,Sun,September 17,1:00PM,Pittsburgh Steelers,,Minnesota Vikings,boxscore,26.0,9.0,335.0,0.0,237.0,1.0,2017
22,2,Sun,September 17,1:00PM,Tampa Bay Buccaneers,,Chicago Bears,boxscore,29.0,7.0,311.0,1.0,310.0,4.0,2017
23,2,Sun,September 17,1:00PM,Baltimore Ravens,,Cleveland Browns,boxscore,24.0,10.0,337.0,2.0,386.0,5.0,2017
24,2,Sun,September 17,4:05PM,Miami Dolphins,@,Los Angeles Chargers,boxscore,19.0,17.0,336.0,0.0,367.0,0.0,2017
25,2,Sun,September 17,4:05PM,Oakland Raiders,,New York Jets,boxscore,45.0,20.0,410.0,0.0,271.0,2.0,2017
26,2,Sun,September 17,4:25PM,Seattle Seahawks,,San Francisco 49ers,boxscore,12.0,9.0,312.0,0.0,248.0,1.0,2017
27,2,Sun,September 17,4:25PM,Denver Broncos,,Dallas Cowboys,boxscore,42.0,17.0,380.0,2.0,268.0,2.0,2017
28,2,Sun,September 17,4:25PM,Washington Redskins,@,Los Angeles Rams,boxscore,27.0,20.0,385.0,0.0,332.0,2.0,2017
29,2,Sun,September 17,8:30PM,Atlanta Falcons,,Green Bay Packers,boxscore,34.0,23.0,364.0,0.0,367.0,2.0,2017
30,2,Mon,September 18,8:30PM,Detroit Lions,@,New York Giants,boxscore,24.0,10.0,257.0,1.0,270.0,1.0,2017
31,3,Thu,September 21,8:25PM,Los Angeles Rams,@,San Francisco 49ers,boxscore,41.0,39.0,418.0,2.0,421.0,2.0,2017
32,3,Sun,September 24,9:30AM,Jacksonville Jaguars,,Baltimore Ravens,boxscore,44.0,7.0,410.0,0.0,186.0,3.0,2017
33,3,Sun,September 24,1:00PM,New York Jets,,Miami Dolphins,boxscore,20.0,6.0,336.0,1.0,225.0,2.0,2017
34,3,Sun,September 24,1:00PM,New Orleans Saints,@,Carolina Panthers,boxscore,34.0,13.0,362.0,0.0,288.0,3.0,2017
35,3,Sun,September 24,1:00PM,Indianapolis Colts,,Cleveland Browns,boxscore,31.0,28.0,335.0,1.0,346.0,3.0,2017
36,3,Sun,September 24,1:00PM,New England Patriots,,Houston Texans,boxscore,36.0,33.0,396.0,1.0,417.0,2.0,2017
37,3,Sun,September 24,1:00PM,Philadelphia Eagles,,New York Giants,boxscore,27.0,24.0,354.0,1.0,415.0,2.0,2017
38,3,Sun,September 24,1:00PM,Atlanta Falcons,@,Detroit Lions,boxscore,30.0,26.0,428.0,3.0,324.0,0.0,2017
39,3,Sun,September 24,1:00PM,Buffalo Bills,,Denver Broncos,boxscore,26.0,16.0,272.0,0.0,366.0,2.0,2017
40,3,Sun,September 24,1:00PM,Minnesota Vikings,,Tampa Bay Buccaneers,boxscore,34.0,17.0,494.0,0.0,342.0,3.0,2017
41,3,Sun,September 24,1:00PM,Chicago Bears,,Pittsburgh Steelers,boxscore,23.0,17.0,306.0,2.0,282.0,2.0,2017
42,3,Sun,September 24,4:05PM,Tennessee Titans,,Seattle Seahawks,boxscore,33.0,27.0,420.0,0.0,433.0,0.0,2017
43,3,Sun,September 24,4:25PM,Green Bay Packers,,Cincinnati Bengals,boxscore,27.0,24.0,344.0,1.0,301.0,1.0,2017
44,3,Sun,September 24,4:25PM,Kansas City Chiefs,@,Los Angeles Chargers,boxscore,24.0,10.0,311.0,0.0,330.0,3.0,2017
45,3,Sun,September 24,8:30PM,Washington Redskins,,Oakland Raiders,boxscore,27.0,10.0,472.0,2.0,128.0,3.0,2017
46,3,Mon,September 25,8:30PM,Dallas Cowboys,@,Arizona Cardinals,boxscore,28.0,17.0,273.0,0.0,332.0,0.0,2017
47,4,Thu,September 28,8:25PM,Green Bay Packers,,Chicago Bears,boxscore,35.0,14.0,260.0,0.0,308.0,4.0,2017
48,4,Sun,October 1,9:30AM,New Orleans Saints,@,Miami Dolphins,boxscore,20.0,0.0,347.0,0.0,186.0,1.0,2017
49,4,Sun,October 1,1:00PM,Buffalo Bills,@,Atlanta Falcons,boxscore,23.0,17.0,281.0,0.0,389.0,3.0,2017
50,4,Sun,October 1,1:00PM,Carolina Panthers,@,New England Patriots,boxscore,33.0,30.0,444.0,2.0,373.0,0.0,2017
51,4,Sun,October 1,1:00PM,Cincinnati Bengals,@,Cleveland Browns,boxscore,31.0,7.0,350.0,1.0,215.0,1.0,2017
52,4,Sun,October 1,1:00PM,Houston Texans,,Tennessee Titans,boxscore,57.0,14.0,445.0,1.0,195.0,5.0,2017
53,4,Sun,October 1,1:00PM,New York Jets,,Jacksonville Jaguars,boxscore,23.0,20.0,471.0,2.0,311.0,1.0,2017
54,4,Sun,October 1,1:00PM,Los Angeles Rams,@,Dallas Cowboys,boxscore,35.0,30.0,412.0,0.0,440.0,2.0,2017
55,4,Sun,October 1,1:00PM,Detroit Lions,@,Minnesota Vikings,boxscore,14.0,7.0,251.0,0.0,284.0,3.0,2017
56,4,Sun,October 1,1:00PM,Pittsburgh Steelers,@,Baltimore Ravens,boxscore,26.0,9.0,381.0,1.0,288.0,3.0,2017
57,4,Sun,October 1,4:05PM,Philadelphia Eagles,@,Los Angeles Chargers,boxscore,26.0,24.0,454.0,0.0,400.0,1.0,2017
58,4,Sun,October 1,4:05PM,Arizona Cardinals,,San Francisco 49ers,boxscore,18.0,15.0,368.0,1.0,305.0,1.0,2017
59,4,Sun,October 1,4:05PM,Tampa Bay Buccaneers,,New York Giants,boxscore,25.0,23.0,434.0,0.0,379.0,0.0,2017
60,4,Sun,October 1,4:25PM,Denver Broncos,,Oakland Raiders,boxscore,16.0,10.0,298.0,0.0,254.0,1.0,2017
61,4,Sun,October 1,8:30PM,Seattle Seahawks,,Indianapolis Colts,boxscore,46.0,18.0,477.0,2.0,237.0,2.0,2017
62,4,Mon,October 2,8:30PM,Kansas City Chiefs,,Washington Redskins,boxscore,29.0,20.0,429.0,0.0,331.0,1.0,2017
63,5,Thu,October 5,8:25PM,New England Patriots,@,Tampa Bay Buccaneers,boxscore,19.0,14.0,402.0,2.0,409.0,0.0,2017
64,5,Sun,October 8,1:00PM,Miami Dolphins,,Tennessee Titans,boxscore,16.0,10.0,178.0,2.0,188.0,2.0,2017
65,5,Sun,October 8,1:00PM,Los Angeles Chargers,@,New York Giants,boxscore,27.0,22.0,382.0,1.0,335.0,2.0,2017
66,5,Sun,October 8,1:00PM,Indianapolis Colts,,San Francisco 49ers,boxscore,26.0,23.0,447.0,1.0,402.0,0.0,2017
67,5,Sun,October 8,1:00PM,Cincinnati Bengals,,Buffalo Bills,boxscore,20.0,16.0,388.0,3.0,221.0,1.0,2017
68,5,Sun,October 8,1:00PM,New York Jets,@,Cleveland Browns,boxscore,17.0,14.0,212.0,1.0,419.0,3.0,2017
69,5,Sun,October 8,1:00PM,Carolina Panthers,@,Detroit Lions,boxscore,27.0,24.0,362.0,0.0,242.0,1.0,2017
70,5,Sun,October 8,1:00PM,Philadelphia Eagles,,Arizona Cardinals,boxscore,34.0,7.0,419.0,1.0,307.0,1.0,2017
71,5,Sun,October 8,1:00PM,Jacksonville Jaguars,@,Pittsburgh Steelers,boxscore,30.0,9.0,313.0,1.0,371.0,5.0,2017
72,5,Sun,October 8,4:05PM,Seattle Seahawks,@,Los Angeles Rams,boxscore,16.0,10.0,241.0,2.0,375.0,5.0,2017
73,5,Sun,October 8,4:05PM,Baltimore Ravens,@,Oakland Raiders,boxscore,30.0,17.0,365.0,0.0,245.0,1.0,2017
74,5,Sun,October 8,4:25PM,Green Bay Packers,@,Dallas Cowboys,boxscore,35.0,31.0,342.0,1.0,408.0,3.0,2017
75,5,Sun,October 8,8:30PM,Kansas City Chiefs,@,Houston Texans,boxscore,42.0,34.0,450.0,0.0,392.0,1.0,2017
76,5,Mon,October 9,8:30PM,Minnesota Vikings,@,Chicago Bears,boxscore,20.0,17.0,300.0,0.0,274.0,2.0,2017
77,6,Thu,October 12,8:25PM,Philadelphia Eagles,@,Carolina Panthers,boxscore,28.0,23.0,310.0,1.0,305.0,3.0,2017
78,6,Sun,October 15,1:00PM,Miami Dolphins,@,Atlanta Falcons,boxscore,20.0,17.0,289.0,1.0,339.0,1.0,2017
79,6,Sun,October 15,1:00PM,Washington Redskins,,San Francisco 49ers,boxscore,26.0,24.0,419.0,2.0,335.0,1.0,2017
80,6,Sun,October 15,1:00PM,Minnesota Vikings,,Green Bay Packers,boxscore,23.0,10.0,351.0,2.0,227.0,3.0,2017
81,6,Sun,October 15,1:00PM,New England Patriots,@,New York Jets,boxscore,24.0,17.0,375.0,2.0,408.0,3.0,2017
82,6,Sun,October 15,1:00PM,Houston Texans,,Cleveland Browns,boxscore,33.0,17.0,340.0,1.0,247.0,3.0,2017
83,6,Sun,October 15,1:00PM,Chicago Bears,@,Baltimore Ravens,boxscore,27.0,24.0,342.0,2.0,291.0,3.0,2017
84,6,Sun,October 15,1:00PM,New Orleans Saints,,Detroit Lions,boxscore,52.0,38.0,379.0,3.0,347.0,5.0,2017
85,6,Sun,October 15,4:05PM,Arizona Cardinals,,Tampa Bay Buccaneers,boxscore,38.0,33.0,432.0,2.0,412.0,2.0,2017
86,6,Sun,October 15,4:05PM,Los Angeles Rams,@,Jacksonville Jaguars,boxscore,27.0,17.0,249.0,1.0,389.0,1.0,2017
87,6,Sun,October 15,4:25PM,Pittsburgh Steelers,@,Kansas City Chiefs,boxscore,19.0,13.0,439.0,1.0,251.0,0.0,2017
88,6,Sun,October 15,4:25PM,Los Angeles Chargers,@,Oakland Raiders,boxscore,17.0,16.0,343.0,1.0,274.0,2.0,2017
89,6,Sun,October 15,8:30PM,New York Giants,@,Denver Broncos,boxscore,23.0,10.0,266.0,0.0,412.0,3.0,2017
90,6,Mon,October 16,8:30PM,Tennessee Titans,,Indianapolis Colts,boxscore,36.0,22.0,473.0,1.0,297.0,1.0,2017
91,7,Thu,October 19,8:25PM,Oakland Raiders,,Kansas City Chiefs,boxscore,31.0,30.0,505.0,0.0,425.0,0.0,2017
92,7,Sun,October 22,1:00PM,Buffalo Bills,,Tampa Bay Buccaneers,boxscore,30.0,27.0,434.0,1.0,447.0,3.0,2017
93,7,Sun,October 22,1:00PM,Miami Dolphins,,New York Jets,boxscore,31.0,28.0,357.0,2.0,272.0,2.0,2017
94,7,Sun,October 22,1:00PM,Minnesota Vikings,,Baltimore Ravens,boxscore,24.0,16.0,357.0,1.0,208.0,0.0,2017
95,7,Sun,October 22,1:00PM,Chicago Bears,,Carolina Panthers,boxscore,17.0,3.0,153.0,0.0,293.0,3.0,2017
96,7,Sun,October 22,1:00PM,Los Angeles Rams,,Arizona Cardinals,boxscore,33.0,0.0,425.0,1.0,196.0,2.0,2017
97,7,Sun,October 22,1:00PM,New Orleans Saints,@,Green Bay Packers,boxscore,26.0,17.0,485.0,2.0,260.0,1.0,2017
98,7,Sun,October 22,1:00PM,Jacksonville Jaguars,@,Indianapolis Colts,boxscore,27.0,0.0,518.0,2.0,232.0,0.0,2017
99,7,Sun,October 22,1:00PM,Tennessee Titans,@,Cleveland Browns,boxscore,12.0,9.0,269.0,1.0,284.0,3.0,2017
100,7,Sun,October 22,4:05PM,Dallas Cowboys,@,San Francisco 49ers,boxscore,40.0,10.0,501.0,0.0,290.0,3.0,2017
101,7,Sun,October 22,4:25PM,Pittsburgh Steelers,,Cincinnati Bengals,boxscore,29.0,14.0,420.0,0.0,179.0,2.0,2017
102,7,Sun,October 22,4:25PM,Los Angeles Chargers,,Denver Broncos,boxscore,21.0,0.0,242.0,0.0,251.0,3.0,2017
103,7,Sun,October 22,4:25PM,Seattle Seahawks,@,New York Giants,boxscore,24.0,7.0,425.0,1.0,177.0,1.0,2017
104,7,Sun,October 22,8:30PM,New England Patriots,,Atlanta Falcons,boxscore,23.0,7.0,403.0,0.0,343.0,0.0,2017
105,7,Mon,October 23,8:30PM,Philadelphia Eagles,,Washington Redskins,boxscore,34.0,24.0,371.0,1.0,344.0,1.0,2017
106,8,Thu,October 26,8:25PM,Baltimore Ravens,,Miami Dolphins,boxscore,40.0,0.0,295.0,0.0,196.0,2.0,2017
107,8,Sun,October 29,9:30AM,Minnesota Vikings,@,Cleveland Browns,boxscore,33.0,16.0,375.0,1.0,276.0,2.0,2017
108,8,Sun,October 29,1:00PM,Cincinnati Bengals,,Indianapolis Colts,boxscore,24.0,23.0,276.0,2.0,331.0,1.0,2017
109,8,Sun,October 29,1:00PM,Buffalo Bills,,Oakland Raiders,boxscore,34.0,14.0,331.0,0.0,367.0,4.0,2017
110,8,Sun,October 29,1:00PM,Atlanta Falcons,@,New York Jets,boxscore,25.0,20.0,386.0,2.0,279.0,1.0,2017
111,8,Sun,October 29,1:00PM,New Orleans Saints,,Chicago Bears,boxscore,20.0,12.0,387.0,2.0,307.0,1.0,2017
112,8,Sun,October 29,1:00PM,Carolina Panthers,@,Tampa Bay Buccaneers,boxscore,17.0,3.0,254.0,1.0,279.0,3.0,2017
113,8,Sun,October 29,1:00PM,Philadelphia Eagles,,San Francisco 49ers,boxscore,33.0,10.0,304.0,1.0,238.0,2.0,2017
114,8,Sun,October 29,1:00PM,New England Patriots,,Los Angeles Chargers,boxscore,21.0,13.0,414.0,0.0,349.0,1.0,2017
115,8,Sun,October 29,4:05PM,Seattle Seahawks,,Houston Texans,boxscore,41.0,38.0,479.0,1.0,509.0,3.0,2017
116,8,Sun,October 29,4:25PM,Dallas Cowboys,@,Washington Redskins,boxscore,33.0,19.0,307.0,1.0,285.0,3.0,2017
117,8,Sun,October 29,8:30PM,Pittsburgh Steelers,@,Detroit Lions,boxscore,20.0,15.0,392.0,2.0,482.0,1.0,2017
118,8,Mon,October 30,8:30PM,Kansas City Chiefs,,Denver Broncos,boxscore,29.0,19.0,276.0,2.0,364.0,5.0,2017
119,9,Thu,November 2,8:25PM,New York Jets,,Buffalo Bills,boxscore,34.0,21.0,331.0,0.0,307.0,3.0,2017
120,9,Sun,November 5,1:00PM,Carolina Panthers,,Atlanta Falcons,boxscore,20.0,17.0,330.0,2.0,355.0,1.0,2017
121,9,Sun,November 5,1:00PM,Jacksonville Jaguars,,Cincinnati Bengals,boxscore,23.0,7.0,408.0,1.0,148.0,0.0,2017
122,9,Sun,November 5,1:00PM,Philadelphia Eagles,,Denver Broncos,boxscore,51.0,23.0,419.0,1.0,226.0,2.0,2017
123,9,Sun,November 5,1:00PM,Los Angeles Rams,@,New York Giants,boxscore,51.0,17.0,473.0,0.0,319.0,3.0,2017
124,9,Sun,November 5,1:00PM,Tennessee Titans,,Baltimore Ravens,boxscore,23.0,20.0,257.0,1.0,341.0,2.0,2017
125,9,Sun,November 5,1:00PM,New Orleans Saints,,Tampa Bay Buccaneers,boxscore,30.0,10.0,407.0,2.0,200.0,1.0,2017
126,9,Sun,November 5,1:00PM,Indianapolis Colts,@,Houston Texans,boxscore,20.0,14.0,371.0,1.0,288.0,1.0,2017
127,9,Sun,November 5,4:05PM,Washington Redskins,@,Seattle Seahawks,boxscore,17.0,14.0,244.0,1.0,437.0,2.0,2017
128,9,Sun,November 5,4:05PM,Arizona Cardinals,@,San Francisco 49ers,boxscore,20.0,10.0,368.0,2.0,329.0,2.0,2017
129,9,Sun,November 5,4:25PM,Dallas Cowboys,,Kansas City Chiefs,boxscore,28.0,17.0,375.0,0.0,323.0,1.0,2017
130,9,Sun,November 5,8:30PM,Oakland Raiders,@,Miami Dolphins,boxscore,27.0,24.0,379.0,2.0,395.0,1.0,2017
131,9,Mon,November 6,8:30PM,Detroit Lions,@,Green Bay Packers,boxscore,30.0,17.0,417.0,1.0,311.0,0.0,2017
132,10,Thu,November 9,8:25PM,Seattle Seahawks,@,Arizona Cardinals,boxscore,22.0,16.0,287.0,0.0,290.0,1.0,2017
133,10,Sun,November 12,1:00PM,New Orleans Saints,@,Buffalo Bills,boxscore,47.0,10.0,482.0,1.0,198.0,1.0,2017
134,10,Sun,November 12,1:00PM,Green Bay Packers,@,Chicago Bears,boxscore,23.0,16.0,342.0,0.0,323.0,1.0,2017
135,10,Sun,November 12,1:00PM,Jacksonville Jaguars,,Los Angeles Chargers,boxscore,20.0,17.0,398.0,2.0,322.0,2.0,2017
136,10,Sun,November 12,1:00PM,Minnesota Vikings,@,Washington Redskins,boxscore,38.0,30.0,406.0,2.0,394.0,1.0,2017
137,10,Sun,November 12,1:00PM,Detroit Lions,,Cleveland Browns,boxscore,38.0,24.0,345.0,1.0,413.0,2.0,2017
138,10,Sun,November 12,1:00PM,Tennessee Titans,,Cincinnati Bengals,boxscore,24.0,20.0,416.0,2.0,308.0,2.0,2017
139,10,Sun,November 12,1:00PM,Pittsburgh Steelers,@,Indianapolis Colts,boxscore,20.0,17.0,316.0,1.0,267.0,1.0,2017
140,10,Sun,November 12,1:00PM,Tampa Bay Buccaneers,,New York Jets,boxscore,15.0,10.0,271.0,1.0,275.0,2.0,2017
141,10,Sun,November 12,4:05PM,Los Angeles Rams,,Houston Texans,boxscore,33.0,7.0,443.0,0.0,283.0,4.0,2017
142,10,Sun,November 12,4:25PM,Atlanta Falcons,,Dallas Cowboys,boxscore,27.0,7.0,336.0,1.0,233.0,2.0,2017
143,10,Sun,November 12,4:25PM,San Francisco 49ers,,New York Giants,boxscore,31.0,21.0,474.0,2.0,374.0,1.0,2017
144,10,Sun,November 12,8:30PM,New England Patriots,@,Denver Broncos,boxscore,41.0,16.0,396.0,0.0,339.0,2.0,2017
145,10,Mon,November 13,8:30PM,Carolina Panthers,,Miami Dolphins,boxscore,45.0,21.0,548.0,0.0,313.0,1.0,2017
146,11,Thu,November 16,8:25PM,Pittsburgh Steelers,,Tennessee Titans,boxscore,40.0,17.0,349.0,0.0,316.0,4.0,2017
147,11,Sun,November 19,1:00PM,New Orleans Saints,,Washington Redskins,boxscore,34.0,31.0,535.0,1.0,456.0,0.0,2017
148,11,Sun,November 19,1:00PM,Houston Texans,,Arizona Cardinals,boxscore,31.0,21.0,357.0,2.0,292.0,2.0,2017
149,11,Sun,November 19,1:00PM,Tampa Bay Buccaneers,@,Miami Dolphins,boxscore,30.0,20.0,321.0,0.0,448.0,5.0,2017
150,11,Sun,November 19,1:00PM,Detroit Lions,@,Chicago Bears,boxscore,27.0,24.0,352.0,1.0,398.0,1.0,2017
151,11,Sun,November 19,1:00PM,Minnesota Vikings,,Los Angeles Rams,boxscore,24.0,7.0,451.0,0.0,254.0,1.0,2017
152,11,Sun,November 19,1:00PM,New York Giants,,Kansas City Chiefs,boxscore,12.0,9.0,317.0,1.0,363.0,3.0,2017
153,11,Sun,November 19,1:00PM,Baltimore Ravens,@,Green Bay Packers,boxscore,23.0,0.0,219.0,1.0,265.0,5.0,2017
154,11,Sun,November 19,1:00PM,Jacksonville Jaguars,@,Cleveland Browns,boxscore,19.0,7.0,284.0,1.0,184.0,5.0,2017
155,11,Sun,November 19,4:05PM,Los Angeles Chargers,,Buffalo Bills,boxscore,54.0,24.0,429.0,0.0,393.0,6.0,2017
156,11,Sun,November 19,4:25PM,New England Patriots,@,Oakland Raiders,boxscore,33.0,8.0,421.0,0.0,344.0,2.0,2017
157,11,Sun,November 19,4:25PM,Cincinnati Bengals,@,Denver Broncos,boxscore,20.0,17.0,190.0,0.0,341.0,2.0,2017
158,11,Sun,November 19,8:30PM,Philadelphia Eagles,@,Dallas Cowboys,boxscore,37.0,9.0,383.0,0.0,225.0,4.0,2017
159,11,Mon,November 20,8:30PM,Atlanta Falcons,@,Seattle Seahawks,boxscore,34.0,31.0,279.0,1.0,360.0,2.0,2017
160,12,Thu,November 23,12:30PM,Minnesota Vikings,@,Detroit Lions,boxscore,30.0,23.0,408.0,0.0,289.0,2.0,2017
161,12,Thu,November 23,4:30PM,Los Angeles Chargers,@,Dallas Cowboys,boxscore,28.0,6.0,515.0,0.0,247.0,2.0,2017
162,12,Thu,November 23,8:30PM,Washington Redskins,,New York Giants,boxscore,20.0,10.0,323.0,1.0,170.0,1.0,2017
163,12,Sun,November 26,1:00PM,Atlanta Falcons,,Tampa Bay Buccaneers,boxscore,34.0,20.0,516.0,1.0,373.0,0.0,2017
164,12,Sun,November 26,1:00PM,Carolina Panthers,@,New York Jets,boxscore,35.0,27.0,299.0,0.0,391.0,1.0,2017
165,12,Sun,November 26,1:00PM,Cincinnati Bengals,,Cleveland Browns,boxscore,30.0,16.0,361.0,0.0,405.0,0.0,2017
166,12,Sun,November 26,1:00PM,Tennessee Titans,@,Indianapolis Colts,boxscore,20.0,16.0,276.0,2.0,254.0,1.0,2017
167,12,Sun,November 26,1:00PM,New England Patriots,,Miami Dolphins,boxscore,35.0,17.0,417.0,2.0,221.0,3.0,2017
168,12,Sun,November 26,1:00PM,Buffalo Bills,@,Kansas City Chiefs,boxscore,16.0,10.0,268.0,0.0,236.0,1.0,2017
169,12,Sun,November 26,1:00PM,Philadelphia Eagles,,Chicago Bears,boxscore,31.0,3.0,420.0,3.0,140.0,2.0,2017
170,12,Sun,November 26,4:05PM,Seattle Seahawks,@,San Francisco 49ers,boxscore,24.0,13.0,318.0,1.0,280.0,1.0,2017
171,12,Sun,November 26,4:25PM,Oakland Raiders,,Denver Broncos,boxscore,21.0,14.0,348.0,1.0,216.0,1.0,2017
172,12,Sun,November 26,4:25PM,Los Angeles Rams,,New Orleans Saints,boxscore,26.0,20.0,415.0,1.0,346.0,0.0,2017
173,12,Sun,November 26,4:25PM,Arizona Cardinals,,Jacksonville Jaguars,boxscore,27.0,24.0,344.0,2.0,219.0,3.0,2017
174,12,Sun,November 26,8:30PM,Pittsburgh Steelers,,Green Bay Packers,boxscore,31.0,28.0,462.0,3.0,307.0,0.0,2017
175,12,Mon,November 27,8:30PM,Baltimore Ravens,,Houston Texans,boxscore,23.0,16.0,294.0,0.0,303.0,3.0,2017
176,13,Thu,November 30,8:25PM,Dallas Cowboys,,Washington Redskins,boxscore,38.0,14.0,275.0,0.0,280.0,4.0,2017
177,13,Sun,December 3,1:00PM,New England Patriots,@,Buffalo Bills,boxscore,23.0,3.0,435.0,1.0,268.0,1.0,2017
178,13,Sun,December 3,1:00PM,New York Jets,,Kansas City Chiefs,boxscore,38.0,31.0,488.0,0.0,474.0,0.0,2017
179,13,Sun,December 3,1:00PM,Baltimore Ravens,,Detroit Lions,boxscore,44.0,20.0,370.0,0.0,372.0,3.0,2017
180,13,Sun,December 3,1:00PM,San Francisco 49ers,@,Chicago Bears,boxscore,15.0,14.0,388.0,1.0,147.0,0.0,2017
181,13,Sun,December 3,1:00PM,Minnesota Vikings,@,Atlanta Falcons,boxscore,14.0,9.0,312.0,0.0,275.0,0.0,2017
182,13,Sun,December 3,1:00PM,Miami Dolphins,,Denver Broncos,boxscore,35.0,9.0,367.0,3.0,270.0,3.0,2017
183,13,Sun,December 3,1:00PM,Green Bay Packers,,Tampa Bay Buccaneers,boxscore,26.0,20.0,276.0,1.0,395.0,1.0,2017
184,13,Sun,December 3,1:00PM,Jacksonville Jaguars,,Indianapolis Colts,boxscore,30.0,10.0,426.0,0.0,290.0,2.0,2017
185,13,Sun,December 3,1:00PM,Tennessee Titans,,Houston Texans,boxscore,24.0,13.0,344.0,1.0,384.0,1.0,2017
186,13,Sun,December 3,4:05PM,Los Angeles Chargers,,Cleveland Browns,boxscore,19.0,10.0,429.0,0.0,291.0,2.0,2017
187,13,Sun,December 3,4:25PM,New Orleans Saints,,Carolina Panthers,boxscore,31.0,21.0,400.0,1.0,279.0,1.0,2017
188,13,Sun,December 3,4:25PM,Oakland Raiders,,New York Giants,boxscore,24.0,17.0,401.0,1.0,265.0,2.0,2017
189,13,Sun,December 3,4:25PM,Los Angeles Rams,@,Arizona Cardinals,boxscore,32.0,16.0,303.0,1.0,305.0,2.0,2017
190,13,Sun,December 3,8:30PM,Seattle Seahawks,,Philadelphia Eagles,boxscore,24.0,10.0,310.0,0.0,425.0,2.0,2017
191,13,Mon,December 4,8:30PM,Pittsburgh Steelers,@,Cincinnati Bengals,boxscore,23.0,20.0,374.0,1.0,353.0,0.0,2017
192,14,Thu,December 7,8:25PM,Atlanta Falcons,,New Orleans Saints,boxscore,20.0,17.0,343.0,3.0,306.0,1.0,2017
193,14,Sun,December 10,1:00PM,San Francisco 49ers,@,Houston Texans,boxscore,26.0,16.0,416.0,1.0,311.0,1.0,2017
194,14,Sun,December 10,1:00PM,Buffalo Bills,,Indianapolis Colts,boxscore,13.0,7.0,319.0,2.0,227.0,0.0,2017
195,14,Sun,December 10,1:00PM,Kansas City Chiefs,,Oakland Raiders,boxscore,26.0,15.0,408.0,1.0,268.0,3.0,2017
196,14,Sun,December 10,1:00PM,Detroit Lions,@,Tampa Bay Buccaneers,boxscore,24.0,21.0,434.0,3.0,400.0,5.0,2017
197,14,Sun,December 10,1:00PM,Green Bay Packers,@,Cleveland Browns,boxscore,27.0,21.0,341.0,0.0,345.0,2.0,2017
198,14,Sun,December 10,1:00PM,Chicago Bears,@,Cincinnati Bengals,boxscore,33.0,7.0,482.0,0.0,234.0,2.0,2017
199,14,Sun,December 10,1:00PM,Carolina Panthers,,Minnesota Vikings,boxscore,31.0,24.0,345.0,1.0,356.0,3.0,2017
200,14,Sun,December 10,1:00PM,Dallas Cowboys,@,New York Giants,boxscore,30.0,10.0,454.0,0.0,330.0,2.0,2017
201,14,Sun,December 10,4:05PM,Denver Broncos,,New York Jets,boxscore,23.0,0.0,273.0,0.0,100.0,2.0,2017
202,14,Sun,December 10,4:05PM,Los Angeles Chargers,,Washington Redskins,boxscore,30.0,13.0,488.0,1.0,201.0,1.0,2017
203,14,Sun,December 10,4:05PM,Arizona Cardinals,,Tennessee Titans,boxscore,12.0,7.0,261.0,0.0,204.0,2.0,2017
204,14,Sun,December 10,4:25PM,Philadelphia Eagles,@,Los Angeles Rams,boxscore,43.0,35.0,455.0,1.0,307.0,2.0,2017
205,14,Sun,December 10,4:25PM,Jacksonville Jaguars,,Seattle Seahawks,boxscore,30.0,24.0,424.0,1.0,401.0,3.0,2017
206,14,Sun,December 10,8:30PM,Pittsburgh Steelers,,Baltimore Ravens,boxscore,39.0,38.0,545.0,0.0,413.0,1.0,2017
207,14,Mon,December 11,8:30PM,Miami Dolphins,,New England Patriots,boxscore,27.0,20.0,362.0,0.0,248.0,2.0,2017
208,15,Thu,December 14,8:25PM,Denver Broncos,@,Indianapolis Colts,boxscore,25.0,13.0,462.0,1.0,228.0,0.0,2017
209,15,Sat,December 16,4:30PM,Detroit Lions,,Chicago Bears,boxscore,20.0,10.0,293.0,1.0,349.0,3.0,2017
210,15,Sat,December 16,8:25PM,Kansas City Chiefs,,Los Angeles Chargers,boxscore,30.0,13.0,397.0,0.0,307.0,4.0,2017
211,15,Sun,December 17,1:00PM,Washington Redskins,,Arizona Cardinals,boxscore,20.0,15.0,218.0,1.0,286.0,2.0,2017
212,15,Sun,December 17,1:00PM,Jacksonville Jaguars,,Houston Texans,boxscore,45.0,7.0,464.0,0.0,186.0,1.0,2017
213,15,Sun,December 17,1:00PM,Buffalo Bills,,Miami Dolphins,boxscore,24.0,16.0,328.0,0.0,349.0,3.0,2017
214,15,Sun,December 17,1:00PM,Baltimore Ravens,@,Cleveland Browns,boxscore,27.0,10.0,376.0,0.0,266.0,4.0,2017
215,15,Sun,December 17,1:00PM,New Orleans Saints,,New York Jets,boxscore,31.0,19.0,412.0,3.0,294.0,2.0,2017
216,15,Sun,December 17,1:00PM,Minnesota Vikings,,Cincinnati Bengals,boxscore,34.0,7.0,346.0,1.0,161.0,2.0,2017
217,15,Sun,December 17,1:00PM,Philadelphia Eagles,@,New York Giants,boxscore,34.0,29.0,341.0,0.0,504.0,1.0,2017
218,15,Sun,December 17,1:00PM,Carolina Panthers,,Green Bay Packers,boxscore,31.0,24.0,387.0,0.0,384.0,4.0,2017
219,15,Sun,December 17,4:05PM,Los Angeles Rams,@,Seattle Seahawks,boxscore,42.0,7.0,352.0,1.0,149.0,2.0,2017
220,15,Sun,December 17,4:25PM,San Francisco 49ers,,Tennessee Titans,boxscore,25.0,23.0,414.0,0.0,328.0,1.0,2017
221,15,Sun,December 17,4:25PM,New England Patriots,@,Pittsburgh Steelers,boxscore,27.0,24.0,360.0,1.0,413.0,1.0,2017
222,15,Sun,December 17,8:30PM,Dallas Cowboys,@,Oakland Raiders,boxscore,20.0,17.0,330.0,2.0,293.0,1.0,2017
223,15,Mon,December 18,8:30PM,Atlanta Falcons,@,Tampa Bay Buccaneers,boxscore,24.0,21.0,410.0,0.0,373.0,1.0,2017
224,16,Sat,December 23,4:30PM,Baltimore Ravens,,Indianapolis Colts,boxscore,23.0,16.0,323.0,0.0,296.0,0.0,2017
225,16,Sat,December 23,8:30PM,Minnesota Vikings,@,Green Bay Packers,boxscore,16.0,0.0,236.0,0.0,239.0,2.0,2017
226,16,Sun,December 24,1:00PM,Cincinnati Bengals,,Detroit Lions,boxscore,26.0,17.0,364.0,1.0,276.0,1.0,2017
227,16,Sun,December 24,1:00PM,Chicago Bears,,Cleveland Browns,boxscore,20.0,3.0,258.0,0.0,254.0,3.0,2017
228,16,Sun,December 24,1:00PM,New Orleans Saints,,Atlanta Falcons,boxscore,23.0,13.0,315.0,1.0,331.0,2.0,2017
229,16,Sun,December 24,1:00PM,Carolina Panthers,,Tampa Bay Buccaneers,boxscore,22.0,19.0,255.0,1.0,392.0,3.0,2017
230,16,Sun,December 24,1:00PM,Los Angeles Rams,@,Tennessee Titans,boxscore,27.0,23.0,402.0,1.0,366.0,1.0,2017
231,16,Sun,December 24,1:00PM,Washington Redskins,,Denver Broncos,boxscore,27.0,11.0,386.0,2.0,330.0,3.0,2017
232,16,Sun,December 24,1:00PM,Los Angeles Chargers,@,New York Jets,boxscore,14.0,7.0,379.0,0.0,295.0,3.0,2017
233,16,Sun,December 24,1:00PM,New England Patriots,,Buffalo Bills,boxscore,37.0,16.0,411.0,1.0,326.0,0.0,2017
234,16,Sun,December 24,1:00PM,Kansas City Chiefs,,Miami Dolphins,boxscore,29.0,13.0,404.0,0.0,345.0,2.0,2017
235,16,Sun,December 24,4:05PM,San Francisco 49ers,,Jacksonville Jaguars,boxscore,44.0,33.0,369.0,1.0,472.0,3.0,2017
236,16,Sun,December 24,4:25PM,Seattle Seahawks,@,Dallas Cowboys,boxscore,21.0,12.0,136.0,0.0,282.0,3.0,2017
237,16,Sun,December 24,4:25PM,Arizona Cardinals,,New York Giants,boxscore,23.0,0.0,289.0,2.0,293.0,3.0,2017
238,16,Mon,December 25,4:30PM,Pittsburgh Steelers,@,Houston Texans,boxscore,34.0,6.0,330.0,0.0,227.0,2.0,2017
239,16,Mon,December 25,8:30PM,Philadelphia Eagles,,Oakland Raiders,boxscore,19.0,10.0,216.0,2.0,274.0,5.0,2017
240,17,Sun,December 31,1:00PM,New York Giants,,Washington Redskins,boxscore,18.0,10.0,381.0,1.0,197.0,3.0,2017
241,17,Sun,December 31,1:00PM,Minnesota Vikings,,Chicago Bears,boxscore,23.0,10.0,327.0,0.0,201.0,0.0,2017
242,17,Sun,December 31,1:00PM,Indianapolis Colts,,Houston Texans,boxscore,22.0,13.0,250.0,0.0,209.0,1.0,2017
243,17,Sun,December 31,1:00PM,New England Patriots,,New York Jets,boxscore,26.0,6.0,330.0,0.0,247.0,0.0,2017
244,17,Sun,December 31,1:00PM,Detroit Lions,,Green Bay Packers,boxscore,35.0,11.0,356.0,0.0,256.0,4.0,2017
245,17,Sun,December 31,1:00PM,Dallas Cowboys,@,Philadelphia Eagles,boxscore,6.0,0.0,301.0,1.0,219.0,2.0,2017
246,17,Sun,December 31,1:00PM,Pittsburgh Steelers,,Cleveland Browns,boxscore,28.0,24.0,348.0,2.0,374.0,2.0,2017
247,17,Sun,December 31,4:25PM,Kansas City Chiefs,@,Denver Broncos,boxscore,27.0,24.0,379.0,2.0,336.0,3.0,2017
248,17,Sun,December 31,4:25PM,Los Angeles Chargers,,Oakland Raiders,boxscore,30.0,10.0,495.0,0.0,336.0,2.0,2017
249,17,Sun,December 31,4:25PM,Buffalo Bills,@,Miami Dolphins,boxscore,22.0,16.0,312.0,0.0,356.0,1.0,2017
250,17,Sun,December 31,4:25PM,Tennessee Titans,,Jacksonville Jaguars,boxscore,15.0,10.0,232.0,1.0,229.0,4.0,2017
251,17,Sun,December 31,4:25PM,Cincinnati Bengals,@,Baltimore Ravens,boxscore,31.0,27.0,359.0,1.0,312.0,1.0,2017
252,17,Sun,December 31,4:25PM,Atlanta Falcons,,Carolina Panthers,boxscore,22.0,10.0,371.0,0.0,248.0,3.0,2017
253,17,Sun,December 31,4:25PM,San Francisco 49ers,@,Los Angeles Rams,boxscore,34.0,13.0,461.0,3.0,251.0,2.0,2017
254,17,Sun,December 31,4:25PM,Arizona Cardinals,@,Seattle Seahawks,boxscore,26.0,24.0,259.0,1.0,296.0,0.0,2017
255,17,Sun,December 31,4:25PM,Tampa Bay Buccaneers,,New Orleans Saints,boxscore,31.0,24.0,455.0,3.0,323.0,1.0,2017
256,,,Playoffs,,,,,,,,,,,,2017
257,WildCard,Sat,January 6,4:35PM,Tennessee Titans,@,Kansas City Chiefs,boxscore,22.0,21.0,397.0,2.0,325.0,0.0,2017
258,WildCard,Sat,January 6,8:15PM,Atlanta Falcons,@,Los Angeles Rams,boxscore,26.0,13.0,322.0,0.0,361.0,2.0,2017
259,WildCard,Sun,January 7,1:05PM,Jacksonville Jaguars,,Buffalo Bills,boxscore,10.0,3.0,230.0,0.0,263.0,2.0,2017
260,WildCard,Sun,January 7,4:40PM,New Orleans Saints,,Carolina Panthers,boxscore,31.0,26.0,410.0,1.0,413.0,0.0,2017
261,Division,Sat,January 13,4:35PM,Philadelphia Eagles,,Atlanta Falcons,boxscore,15.0,10.0,334.0,2.0,281.0,0.0,2017
262,Division,Sat,January 13,8:15PM,New England Patriots,,Tennessee Titans,boxscore,35.0,14.0,438.0,0.0,267.0,0.0,2017
263,Division,Sun,January 14,1:05PM,Jacksonville Jaguars,@,Pittsburgh Steelers,boxscore,45.0,42.0,378.0,0.0,545.0,2.0,2017
264,Division,Sun,January 14,4:40PM,Minnesota Vikings,,New Orleans Saints,boxscore,29.0,24.0,403.0,1.0,358.0,2.0,2017
265,ConfChamp,Sun,January 21,3:05PM,New England Patriots,,Jacksonville Jaguars,boxscore,24.0,20.0,344.0,1.0,374.0,0.0,2017
266,ConfChamp,Sun,January 21,6:40PM,Philadelphia Eagles,,Minnesota Vikings,boxscore,38.0,7.0,456.0,0.0,333.0,3.0,2017
267,SuperBowl,Sun,February 4,6:30PM,Philadelphia Eagles,N,New England Patriots,boxscore,41.0,33.0,538.0,1.0,613.0,1.0,2017
